number,type,gu,area,room,lat_y,long_x
1,다가구,동작구,490.16,8,37.4954356,126.9374484
2,다가구,양천구,259.37,8,37.5353473,126.8324511
3,다가구,강서구,349.05,7,37.5480633,126.8520284
4,다가구,서대문구,360.03,7,37.5815224,126.922577
5,다가구,도봉구,286.08,7,37.66055,127.0384288
6,다가구,도봉구,289.26,7,37.66055,127.0384288
7,다가구,은평구,330.62,7,37.5984975,126.9233785
8,다가구,은평구,248.04,7,37.6209522,126.9161497
9,다가구,은평구,219.86,7,37.6064337,126.921714
10,다가구,강북구,263.93,7,37.6097987,127.0220277
11,다가구,마포구 ,302.71,12,37.5544295,126.9024099
12,다가구,서초구 ,587.04,10,37.4848185,126.9880369
13,다가구,강서구,340.09,9,37.5378136,126.8491521
14,다가구,광진구,509.1,13,37.5396821,127.0664605
15,다가구,도봉구,571.11,14,37.65773,127.01436
16,다가구,강서구,579.78,13,37.5312794,126.8548343
17,다가구,중랑구,454.7,13,37.6025231,127.1033397
18,다가구,광진구,304.2,5,37.5688009,127.0847014
19,다가구,성북구,451.28,20,37.6076549,127.013154
20,다가구,구로구,395.78,10,37.4899208,126.8527442
21,다가구,광진구,452.39,6,37.5594283,127.092805
22,다가구,성북구,207.32,7,37.6101787,127.064872
23,다가구,은평구,313.11,7,37.6237757,126.9158386
24,다가구,서대문구,486,6,37.5927107,126.9332029
25,다가구,성북구,362.22,6,37.6111612,127.0122257
26,다가구,성북구,273.39,6,37.58371,127.02359
27,다가구,은평구,230.04,10,37.604675,126.9112717
28,다가구,서초구 ,508.48,16,37.4739958,127.0416062
29,다가구,성북구,563.22,14,37.6157707,127.0475042
30,다가구,서대문구,431.76,9,37.5830253,126.9195184
31,다가구,은평구,243.57,7,37.58151655,126.9058
32,다가구,은평구,449.76,8,37.5998977,126.9277616
33,다가구,광진구,490.44,12,37.5396821,127.0664605
34,다가구,강서구,455.15,10,37.5421192,126.8459678
35,다가구,도봉구,153.81,5,37.6651832,127.0426274
36,다가구,광진구,452.63,8,37.5563216,127.0912831
37,다가구,관악구,220.09,7,37.4788201,126.9345025
38,다가구,성북구,264.48,7,37.6078819,127.03572
39,다가구,광진구,220.05,13,37.5423162,127.0924311
40,다가구,광진구,287.82,6,37.5423162,127.0924311
41,다가구,강서구,229.98,6,37.5303815,126.8538236
42,다가구,양천구,371.21,8,37.5450492,126.8758003
43,다가구,중랑구,195.7,5,37.6084996,127.0741453
44,다가구,은평구,271.29,5,37.6179737,126.9044781
45,다가구,강서구,220.08,5,37.5343888,126.8524049
46,다가구,중랑구,200,5,37.6084996,127.0741453
47,다가구,성동구,575.14,12,37.5705367,127.0393374
48,다가구,서대문구,323.9,5,37.5705041,126.9255441
49,다가구,서대문구,341.28,7,37.5772615,126.9070281
50,다가구,마포구 ,67,9,37.5601246,126.908565
51,다가구,서대문구,84.86,1,37.5794396,126.9149143
52,다가구,구로구,268.1,5,37.4892339,126.8868481
53,다가구,강북구,209.78,5,37.645791,127.0118307
54,다가구,은평구,292.08,6,37.6156806,126.9126848
55,다가구,은평구,290.32,7,37.6244047,126.9216946
56,다가구,도봉구,279.48,7,37.6325129,127.043492
57,다가구,강동구,501.59,11,37.541245,127.1357519
58,다가구,성북구,367.32,10,37.5873566,127.0292969
59,다가구,서대문구,361.86,10,37.587684,126.9305933
60,다가구,동대문구,482.68,10,37.5711261,127.0317843
61,다가구,구로구,199.53,5,37.4968121,126.8842901
62,다가구,구로구,349.12,8,37.4966514,126.8852121
63,다가구,강북구,217.17,5,37.62197,127.01286
64,다가구,도봉구,236.15,5,37.6490009,127.0289774
65,다가구,도봉구,248.06,5,37.6686889,127.0353376
66,다가구,마포구 ,187.72,5,37.5539725,126.9020972
67,다가구,마포구 ,235.62,5,37.5683333,126.909105
68,다가구,마포구 ,457.63,5,37.557211,126.9156473
69,다가구,은평구,189.45,5,37.6187962,126.9115198
70,다가구,은평구,236.15,5,37.6267683,126.9226756
71,다가구,은평구,362.12,6,37.6272075,126.9218437
72,다가구,서대문구,199.14,5,37.5760713,126.905117
73,다가구,광진구,146.8,5,37.565759,127.078937
74,다가구,강서구,256.89,6,37.548048,126.8510911
75,다가구,양천구,199.08,5,37.5455221,126.8683325
76,다가구,양천구,199.08,5,37.5455221,126.8683325
77,다가구,동작구,481.68,9,37.4954356,126.9374484
78,다가구,마포구 ,316.3,5,37.5558022,126.9198792
79,다가구,은평구,199.53,5,37.625113,126.9132918
80,다가구,은평구,218.17,5,37.625113,126.9132918
81,다가구,강서구,161.1,5,37.5280655,126.8466458
82,다가구,중랑구,214.32,7,37.5909039,127.1004988
83,다가구,마포구 ,266.76,9,37.5651159,126.9070461
84,다가구,양천구,238.18,6,37.5282163,126.8372472
85,다가구,광진구,281.72,5,37.5568431,127.0952511
86,다가구,은평구,348.04,7,37.620417,126.9149001
87,다가구,관악구,275.46,6,37.4695004,126.9224394
88,다가구,은평구,314.79,7,37.6244047,126.9216946
89,다가구,은평구,200.47,7,37.6028633,126.9140128
90,다가구,은평구,265.77,10,37.5833204,126.9205702
91,다가구,종로구,403.41,10,37.614825,126.9757433
92,다가구,종로구,595.52,8,37.614825,126.9757433
93,다가구,양천구,167.25,5,37.5248238,126.8452099
94,다가구,노원구,232.26,5,37.6142921,127.0624259
95,다가구,강서구,153.54,5,37.5284255,126.8437594
96,다가구,강서구,81.8,5,37.5299233,126.8541161
97,다가구,광진구,166.37,5,37.5335754,127.0801186
98,다가구,성북구,257.29,5,37.5975777,127.0335639
99,다가구,관악구,197.76,5,37.4776781,126.9214361
100,다가구,은평구,372.3,7,37.6156806,126.9126848
101,다가구,강서구,203.13,5,37.5472272,126.8494442
102,다가구,은평구,209.18,9,37.6020461,126.90884
103,다가구,강서구,285.51,6,37.5323248,126.8536172
104,다가구,은평구,519.42,11,37.63463,126.91715
105,다가구,은평구,436.79,7,37.63463,126.91715
106,다가구,은평구,534.87,9,37.63463,126.91715
107,다가구,성북구,299.38,7,37.611564,127.0143668
108,다가구,양천구,238.52,5,37.5441261,126.8636707
109,다가구,도봉구,174.87,5,37.6515671,127.0268897
110,다가구,도봉구,178.25,6,37.66055,127.0384288
111,다가구,관악구,195.03,5,37.4788201,126.9345025
112,다가구,성북구,227.52,5,37.6160606,127.044307
113,다가구,은평구,247.32,6,37.6263427,126.9144552
114,다가구,은평구,247.32,6,37.6263427,126.9144552
115,다가구,은평구,191.62,5,37.6237757,126.9158386
116,다가구,성북구,219.19,6,37.5876343,127.0132872
117,다가구,양천구,479,10,37.5427255,126.8674458
118,다가구,강동구,313.28,8,37.541245,127.1357519
119,다가구,관악구,309.06,7,37.4886188,126.9330338
120,다가구,강서구,174.39,5,37.5303815,126.8538236
121,다가구,성북구,206.76,9,37.6111612,127.0122257
122,다가구,은평구,452.41,11,37.6238452,126.9229663
123,다가구,은평구,343.82,7,37.6235297,126.9140701
124,다가구,강서구,247.17,5,37.5284255,126.8437594
125,다가구,관악구,343.53,8,37.4782122,126.9354375
126,다가구,서대문구,145.17,6,37.5677446,126.9344046
127,다가구,강서구,457.08,11,37.5378136,126.8491521
128,다가구,강서구,290.4,6,37.5280655,126.8466458
129,다가구,관악구,246.69,7,37.4875699,126.9208762
130,다가구,양천구,228.97,6,37.5281971,126.8600659
131,다가구,광진구,147.75,5,37.565759,127.078937
132,다가구,양천구,236.62,7,37.5271443,126.8544091
133,다가구,도봉구,486.63,19,37.6480895,127.0225284
134,다가구,은평구,279.69,5,37.62484395,126.9259097
135,다가구,관악구,317.37,7,37.477132,126.9196208
136,다가구,강서구,216.17,5,37.5378136,126.8491521
137,다가구,구로구,231.7,6,37.49407,126.8326162
138,다가구,광진구,252,5,37.5669792,127.0789169
139,다가구,성북구,243.72,5,37.6040394,127.0163632
140,다가구,성북구,411.88,14,37.6135855,127.0100657
141,다가구,광진구,226.76,5,37.562759,127.0765353
142,다가구,동작구,196.02,5,37.4988591,126.9285626
143,다가구,성북구,255.42,8,37.6118401,127.0138675
144,다가구,강서구,65.73,2,37.5299233,126.8541161
145,다가구,성북구,274.88,6,37.604423,127.0152037
146,다가구,종로구,482.43,15,37.573229,126.9633244
147,다가구,송파구,299.97,8,37.5019891,127.1077262
148,다가구,성북구,260.22,5,37.6098986,127.0124443
149,다가구,강남구,450.86,14,37.4940375,127.041041
150,다가구,관악구,337.68,7,37.4931786,126.9302148
151,다가구,양천구,247.86,7,37.5288617,126.8618791
152,다가구,강서구,252.87,5,37.566856,126.8065969
153,다가구,강서구,246.99,6,37.5316828,126.8615354
154,다가구,강북구,433.1,12,37.6326114,127.0165421
155,다가구,도봉구,485.42,15,37.6483697,127.0293483
156,다가구,성북구,229.2,7,37.6082949,127.0492284
157,다가구,성북구,143.53,5,37.6065573,127.0597724
158,다가구,성북구,265.6,6,37.6115989,127.0121935
159,다가구,용산구,258,6,37.5512733,126.9688983
160,다가구,성북구,793.28,19,37.6078848,127.0015427
161,다가구,성북구,349.86,8,37.6122805,127.0522071
162,다가구,노원구,414.05,9,37.6235199,127.0534416
163,다가구,양천구,280.94,6,37.5441261,126.8636707
164,다가구,서대문구,295.05,6,37.5948614,126.933335
165,다가구,도봉구,443.18,8,37.6850463,127.0431561
166,다가구,강북구,270.24,7,37.6346147,127.0152114
167,다가구,도봉구,531.93,13,37.6261199,127.049048
168,다가구,송파구,573.54,15,37.4920451,127.1502623
169,다가구,강동구,286.71,8,37.5555553,127.1351204
170,다가구,강북구,424.95,8,37.6456753,127.021263
171,다가구,강북구,273.71,6,37.6296076,127.0147022
172,다가구,성북구,66.4,15,37.5891205,127.0078031
173,다가구,은평구,458.19,8,37.6020461,126.90884
174,다가구,도봉구,163.59,8,37.6500575,127.0250252
175,다가구,강남구,215.7,8,37.493906,127.0345257
176,다가구,강동구,425.88,9,37.4825572,126.856878
177,다가구,강북구,195.84,4,37.6296076,127.0147022
178,다가구,양천구,215.4,5,37.5311136,126.8285241
179,다가구,송파구,490.29,16,37.4895492,127.1282123
180,다가구,도봉구,365.18,7,37.6578385,127.0278246
181,다가구,강북구,292.48,7,37.6169303,127.0565492
182,다가구,양천구,300.56,7,37.5271443,126.8544091
183,다가구,양천구,384.96,8,37.5191694,126.8394132
184,다가구,양천구,384.96,8,37.5191694,126.8394132
185,다가구,강서구,474.11,10,37.5460717,126.8433166
186,다가구,강서구,310.8,7,37.5457012,126.8454576
187,다가구,강서구,298.62,11,37.5477023,126.8515543
188,다가구,광진구,175.16,11,37.5335754,127.0801186
189,다가구,강서구,357.76,8,37.551499,126.8612757
190,다가구,강북구,582.31,10,37.6430299,127.0129437
191,다가구,은평구,192.89,4,37.6129135,126.9201902
192,다가구,강북구,359.13,6,37.6468691,127.0192678
193,다가구,양천구,221.14,5,37.5193513,126.850791
194,다가구,양천구,198.24,4,37.5281971,126.8600659
195,다가구,강서구,309.32,6,37.5378136,126.8491521
196,다가구,노원구,321.75,12,37.6235199,127.0534416
197,다가구,관악구,100.64,5,37.4925683,126.8680234
198,다가구,구로구,308.79,6,37.4891293,126.8528384
199,다가구,강동구,263.15,11,37.540447,127.1505459
200,다가구,은평구,593.3,10,37.5946102,126.9127988
201,다가구,은평구,287.88,5,37.60581,126.91449
202,다가구,은평구,144.66,4,37.6104869,126.9281249
203,다가구,강동구,164.8,4,37.5329263,127.1403199
204,다가구,성북구,145.65,30,37.5996314,127.0038067
205,다가구,강북구,402.64,8,37.6467036,127.0198294
206,다가구,성북구,193.28,4,37.6062299,127.0119673
207,다가구,성북구,82.42,17,37.609128,127.0108888
208,다가구,성북구,76.59,22,37.6071169,127.0072404
209,다가구,성북구,95.22,14,37.616513,127.0088038
210,다가구,강동구,50.95,20,37.5498685,127.1323193
211,다가구,강북구,149.24,4,37.6314927,127.0267047
212,다가구,강북구,187.08,6,37.6434217,127.0092215
213,다가구,강서구,176.32,4,37.5459648,126.8496284
214,다가구,강서구,172.62,4,37.5457012,126.8454576
215,다가구,강서구,242.7,5,37.5549937,126.8525522
216,다가구,구로구,210.36,7,37.4930673,126.8504058
217,다가구,은평구,257.74,4,37.6250948,126.9276977
218,다가구,은평구,289.44,11,37.6016708,126.9253264
219,다가구,은평구,251.25,4,37.6187962,126.9115198
220,다가구,양천구,297.24,4,37.5468655,126.8659595
221,다가구,강서구,508.77,10,37.5360126,126.8576656
222,다가구,강서구,548.92,12,37.548048,126.8510911
223,다가구,강서구,222.92,5,37.5332893,126.8421888
224,다가구,강서구,200.42,4,37.5389912,126.8449118
225,다가구,강서구,122.17,3,37.5419275,126.8481889
226,다가구,강서구,213.32,6,37.5371189,126.8449833
227,다가구,강북구,175.29,5,37.63596,127.03501
228,다가구,강북구,436,8,37.6443213,127.0148196
229,다가구,도봉구,207.84,4,37.6357689,127.0402043
230,다가구,도봉구,330.4,7,37.6526065,127.0388174
231,다가구,강서구,295.17,6,37.5382607,126.856148
232,다가구,강서구,373.31,7,37.5362849,126.8515424
233,다가구,강서구,186.92,4,37.5385886,126.8502701
234,다가구,강서구,470.98,9,37.5489006,126.8498596
235,다가구,금천구,479.84,8,37.47525,126.90344
236,다가구,서초구,254.57,7,37.4941733,127.0014669
237,다가구,은평구,237.09,5,37.6229371,126.9133868
238,다가구,도봉구,478.5,8,37.6685187,127.0340101
239,다가구,강동구,241.6,6,37.534746,127.1234814
240,다가구,양천구,548.44,12,37.54063825,126.8714856
241,다가구,은평구,180.54,3,37.6153047,126.9230983
242,다가구,양천구,382.92,7,37.5325257,126.831595
243,다가구,관악구,166.15,6,37.4687863,126.9231333
244,다가구,강서구,151.56,4,37.5379589,126.8584522
245,다가구,강서구,209.84,5,37.536955,126.8554935
246,다가구,강서구,287.97,6,37.5502717,126.8491135
247,다가구,강동구,289.93,5,37.5537234,127.1295355
248,다가구,은평구,183.06,4,37.6088298,126.9141195
249,다가구,은평구,204.71,5,37.6280048,126.9172024
250,다가구,강북구,236.18,5,37.6398771,127.0106731
251,다가구,강동구,287.14,8,37.5525546,127.1278186
252,다가구,강서구,202.68,4,37.5368353,126.8501137
253,다가구,동작구,586.47,11,37.4938089,126.930727
254,다가구,은평구,153.39,5,37.626915,126.9252616
255,다가구,강서구,154.97,5,37.5300092,126.8505581
256,다가구,양천구,242.52,5,37.5320334,126.8342573
257,다가구,은평구,150.12,5,37.6217251,126.923802
258,다가구,송파구,291.24,6,37.4918412,127.1481794
259,다가구,강서구,234.12,5,37.5477023,126.8515543
260,다가구,성북구,239.78,16,37.6086498,127.0072166
261,다가구,양천구,225.75,5,37.5330168,126.8343455
262,다가구,양천구,426.56,8,37.5288913,126.8344558
263,다가구,양천구,404.84,8,37.5288913,126.8344558
264,다가구,송파구,117.03,4,37.4972084,127.1462525
265,다가구,관악구,180.1,8,37.4832106,126.9157362
266,다가구,강동구,126.3,4,37.5555553,127.1351204
267,다가구,서대문구,164.97,11,37.582635,126.9211963
268,다가구,영등포구,73.71,3,37.5138604,126.9125981
269,다가구,강북구,412.21,19,37.647614,127.02058
270,다가구,양천구,298.12,6,37.5310258,126.8325499
271,다가구,금천구,178.26,3,37.47525,126.90344
272,다가구,강서구,221.79,6,37.5382869,126.8462386
273,다가구,강북구,330.66,8,37.6470193,127.0140614
274,다가구,구로구,242.19,5,37.4920335,126.8515023
275,다가구,은평구,116.26,6,37.6233202,126.9290951
276,다가구,강서구,225.84,5,37.548048,126.8510911
277,다가구,강서구,187.84,5,37.5284255,126.8437594
278,다가구,송파구,172.81,13,37.5065651,127.0819238
279,다가구,강남구,88.28,14,37.5177916,127.0385397
280,다가구,송파구,274.26,6,37.4924815,127.1487183
281,다가구,은평구,197.43,5,37.6244047,126.9216946
282,다가구,서대문구,373.66,7,37.5794396,126.9149143
283,다가구,은평구,314.94,7,37.6157246,126.9066611
284,다가구,도봉구,255,6,37.6656736,127.0384164
285,다가구,도봉구,172.09,3,37.6504914,127.0235358
286,다가구,도봉구,372.72,8,37.6597524,127.0389719
287,다가구,강북구,613.2,12,37.6262519,127.0156888
288,다가구,양천구,251.96,5,37.528345,126.8365355
289,다가구,양천구,247.32,5,37.5370614,126.8675314
290,다가구,양천구,275.82,6,37.5441554,126.869384
291,다가구,관악구,317.32,7,37.4751665,126.9321574
292,다가구,강서구,249.12,5,37.5459648,126.8496284
293,다가구,강서구,203.97,5,37.5426429,126.8359534
294,다가구,강서구,147,3,37.557558,126.8589126
295,다가구,은평구,198.36,5,37.6132652,126.9091774
296,다가구,은평구,235.35,5,37.6028633,126.9140128
297,다가구,송파구,292.22,6,37.4921612,127.1484516
298,다가구,광진구,485.2,14,37.5500585,127.0941037
299,다가구,도봉구,236.04,6,37.6594389,127.0370818
300,다가구,노원구,147.05,6,37.622094,127.0610905
301,다가구,종로구,297.18,7,37.5997487,126.9575271
302,다가구,강동구,92.71,12,37.549408,127.1302817
303,다가구,강서구,234.15,5,37.548048,126.8510911
304,다가구,은평구,161.65,11,37.6068871,126.9127174
305,다가구,관악구,261.86,7,37.4695999,126.9383157
306,다가구,은평구,482.87,11,37.6206922,126.9209477
307,다가구,은평구,195.66,3,37.6156806,126.9126848
308,다가구,양천구,177.63,5,37.5386118,126.8287677
309,다가구,은평구,180.72,3,37.6024198,126.9233567
310,다가구,강남구,127.14,9,37.5070535,127.0242091
311,다가구,강서구,605.57,12,37.54862,126.85029
312,다가구,강북구,326.64,8,37.6440924,127.0273515
313,다가구,도봉구,326.13,7,37.6597524,127.0389719
314,다가구,강서구,199.17,5,37.5306257,126.8410806
315,다가구,성북구,162.76,4,37.5876343,127.0132872
316,다가구,강서구,271.3,6,37.5360126,126.8576656
317,다가구,강동구,270.4,6,37.5283791,127.1335173
318,다가구,중구,418.65,10,37.5509668,127.0047271
319,다가구,관악구,226.36,5,37.4840815,126.9197624
320,다가구,양천구,576.69,10,37.5414016,126.832475
321,다가구,관악구,166.12,3,37.4740315,126.9423546
322,다가구,강북구,106.55,3,37.6225811,127.0143211
323,다가구,강서구,199.92,4,37.529266,126.8436032
324,다가구,은평구,217.53,4,37.6270971,126.9167294
325,다가구,은평구,250.23,5,37.6272824,126.9274189
326,다가구,은평구,149.29,2,37.6209522,126.9161497
327,다가구,관악구,211.95,6,37.4741904,126.9412065
328,다가구,도봉구,417.9,8,37.6632472,127.036049
329,다가구,도봉구,373.89,8,37.6689023,127.0368365
330,다가구,양천구,405.52,8,37.54277005,126.8732366
331,다가구,강북구,391.31,8,37.6489025,127.0147954
332,다가구,강북구,442.37,8,37.6458859,127.016172
333,다가구,강북구,460.16,8,37.6458859,127.016172
334,다가구,강서구,250.81,6,37.5405635,126.8525606
335,다가구,양천구,148.08,3,37.5282163,126.8372472
336,다가구,은평구,259.19,7,37.6272075,126.9218437
337,다가구,금천구,211.52,6,37.4492161,126.9089773
338,다가구,구로구,287.66,7,37.5017032,126.8549219
339,다가구,강서구,149.52,5,37.5364885,126.839902
340,다가구,강서구,230.85,5,37.5312435,126.8614026
341,다가구,양천구,197.55,5,37.5311136,126.8285241
342,다가구,구로구,298.82,7,37.5073062,126.8483336
343,다가구,강북구,373.38,8,37.645791,127.0118307
344,다가구,강동구,175.52,5,37.54856,127.13117
345,다가구,은평구,586.59,11,37.6172805,126.9122776
346,다가구,양천구,171,5,37.5386118,126.8287677
347,다가구,양천구,207.3,6,37.5224188,126.8554497
348,다가구,강서구,403.92,8,37.5344142,126.855172
349,다가구,강서구,160.39,5,37.5378136,126.8491521
350,다가구,양천구,176.31,5,37.5384268,126.8317054
351,다가구,은평구,88.92,6,37.5969476,126.9050102
352,다가구,은평구,197.28,5,37.6153047,126.9230983
353,다가구,강서구,217.21,5,37.54797,126.8407763
354,다가구,도봉구,84,18,37.6499406,127.0256109
355,다가구,도봉구,416.16,8,37.6498174,127.0268547
356,다가구,도봉구,339.02,7,37.6498174,127.0268547
357,다가구,성북구,249.6,5,37.5892068,127.0116805
358,다가구,도봉구,349.92,8,37.66055,127.0384288
359,다가구,관악구,188.12,5,37.4763804,126.9320054
360,다가구,강북구,348.12,7,37.6468025,127.0178374
361,다가구,송파구,375.14,7,37.4916448,127.1480103
362,다가구,양천구,240.48,5,37.54125275,126.872824
363,다가구,은평구,242.63,6,37.4810336,126.8631679
364,다가구,강서구,154.7,4,37.5299233,126.8541161
365,다가구,서대문구,249.81,5,37.5823772,126.9165784
366,다가구,마포구,425.78,16,37.5638669,126.9110999
367,다가구,동작구,141.21,27,37.4807278,126.9736291
368,다가구,성북구,273.09,6,37.611564,127.0143668
369,다가구,양천구,241.69,5,37.540536,126.8708873
370,다가구,중랑구,199.4,6,37.617319,127.0814352
371,다가구,구로구,199.95,5,37.4891293,126.8528384
372,다가구,도봉구,409.12,8,37.6686889,127.0353376
373,다가구,도봉구,324.48,8,37.6656736,127.0384164
374,다가구,도봉구,550.73,10,37.6651832,127.0426274
375,다가구,도봉구,432.2,8,37.6580715,127.0394323
376,다가구,은평구,559.59,21,37.6050265,126.9123683
377,다가구,강동구,247.9,6,37.5427819,127.1352871
378,다가구,서초구,602.65,12,37.470546,127.048842
379,다가구,강동구,482.38,9,37.5470401,127.1448588
380,다가구,양천구,178.79,5,37.5303714,126.8294327
381,다가구,강서구,183.54,5,37.5371189,126.8449833
382,다가구,은평구,146.14,8,37.6092709,126.9117867
383,다가구,양천구,589.73,11,37.528345,126.8365355
384,다가구,강서구,202.77,5,37.5321626,126.8508449
385,다가구,은평구,110.78,8,37.625113,126.9132918
386,다가구,강동구,260.01,6,37.5253602,127.1303722
387,다가구,서대문구,167.22,5,37.583082,126.9211485
388,다가구,구로구,572.22,10,37.4893018,126.8527079
389,다가구,도봉구,194,26,37.6483697,127.0293483
390,다가구,은평구,224.04,5,37.6197433,126.9277419
391,다가구,은평구,334.02,7,37.5833204,126.9205702
392,다가구,도봉구,327.23,8,37.66055,127.0384288
393,다가구,도봉구,456.98,10,37.6689023,127.0368365
394,다가구,도봉구,450.72,8,37.6615524,127.0488382
395,다가구,도봉구,546.38,10,37.6686889,127.0353376
396,다가구,은평구,436.03,7,37.6228064,126.9293593
397,다가구,강동구,301.17,7,37.5532001,127.1342007
398,다가구,도봉구,353.37,8,37.6597524,127.0389719
399,다가구,강북구,475.53,10,37.64142,127.00166
400,다가구,도봉구,561.28,12,37.6660526,127.0326512
401,다가구,구로구,266.03,7,37.4861005,126.8513964
402,다가구,관악구,248.65,6,37.4684149,126.9362959
403,다가구,강서구,234.75,6,37.5371189,126.8449833
404,다가구,도봉구,270.08,4,37.6447361,127.0396439
405,다가구,도봉구,293.58,8,37.6483637,127.0257574
406,다가구,도봉구,466.38,8,37.66599,127.03486
407,다가구,중랑구,77.87,6,37.6025231,127.1033397
408,다가구,도봉구,285.96,4,37.6628691,127.0377216
409,다가구,은평구,199.95,5,37.5969476,126.9050102
410,다가구,도봉구,521.52,8,37.6415848,127.0390855
411,다가구,강북구,351.92,8,37.6427759,127.0170512
412,다가구,강북구,171.93,23,37.646668,127.0118419
413,다가구,강북구,447.88,8,37.6445429,127.0118598
414,다가구,강북구,518.19,10,37.6401008,127.018529
415,다가구,노원구,322.9,7,37.6178385,127.0592609
416,다가구,강북구,389.44,8,37.6446091,127.0134304
417,다가구,강서구,339.87,8,37.5360126,126.8576656
418,다가구,성북구,402.77,6,37.6109738,127.0027991
419,다가구,성북구,325.92,5,37.6067981,127.0088113
420,다가구,강서구,329.06,6,37.5337774,126.8550804
421,다가구,강북구,316.4,8,37.6443213,127.0148196
422,다가구,강북구,520.4,10,37.6386262,127.0331248
423,다가구,도봉구,462.76,8,37.66055,127.0384288
424,다가구,강서구,530.28,9,37.5382869,126.8462386
425,다가구,강서구,302.56,8,37.5562298,126.8147639
426,다가구,강북구,418.46,8,37.62197,127.01286
427,다가구,도봉구,598.32,10,37.6542546,127.0357968
428,다가구,도봉구,583.52,8,37.6628691,127.0377216
429,다가구,성북구,487.08,10,37.6043672,127.0333044
430,다가구,강동구,322.35,6,37.54856,127.13117
431,다가구,강서구,299.87,7,37.5378136,126.8491521
432,다가구,구로구,596.88,10,37.4829993,126.8494512
433,다가구,은평구,247.05,4,37.6267683,126.9226756
434,다가구,성북구,511.25,8,37.6067981,127.0088113
435,다가구,노원구,479.04,8,37.6604011,127.0774617
436,다가구,노원구,536.92,8,37.6604011,127.0774617
437,다가구,노원구,479.92,8,37.6604011,127.0774617
438,다가구,노원구,258.08,4,37.6604011,127.0774617
439,다가구,관악구,193.56,5,37.4751665,126.9321574
440,다가구,도봉구,199.26,5,37.6516641,127.0234994
441,다가구,강서구,607.48,8,37.5522075,126.8476941
442,다가구,강북구,334.44,6,37.6326114,127.0165421
443,다가구,강북구,486.54,8,37.6326114,127.0165421
444,다가구,강서구,569.79,12,37.548048,126.8510911
445,다가구,송파구,311.8,8,37.5059599,127.1305913
446,다가구,중랑구,257.42,14,37.6109333,127.075109
447,다가구,성북구,597.86,10,37.6193161,126.998296
448,다가구,도봉구,436.32,8,37.661474,127.0348286
449,다가구,도봉구,436.32,8,37.661474,127.0348286
450,다가구,도봉구,451.68,8,37.661474,127.0348286
451,다가구,도봉구,451.68,8,37.661474,127.0348286
452,다가구,도봉구,444,8,37.661474,127.0348286
453,다가구,도봉구,444,8,37.661474,127.0348286
454,다가구,도봉구,447.84,8,37.661474,127.0348286
455,다가구,도봉구,447.84,8,37.661474,127.0348286
456,다가구,도봉구,108.42,29,37.6496915,127.0234791
457,다가구,도봉구,479.6,8,37.6387538,127.0371504
458,다가구,도봉구,502.88,8,37.6387538,127.0371504
459,다가구,노원구,398.6,7,37.6744956,127.0526305
460,다가구,강서구,216.69,6,37.5360126,126.8576656
461,다가구,성북구,501.24,10,37.611095,127.0125702
462,다가구,양천구,474.23,10,37.5384268,126.8317054
463,다가구,강북구,520.68,20,37.636363,127.0340067
464,다가구,강북구,456.56,8,37.6470193,127.0140614
465,다가구,도봉구,271.4,7,37.6677001,127.0370501
466,다가구,성북구,533.1,10,37.6061288,127.0149823
467,다가구,강서구,299.16,6,37.5517146,126.8370942
468,다가구,강서구,480.44,8,37.544588,126.8499334
469,다가구,강북구,532.29,10,37.6467036,127.0198294
470,다가구,도봉구,472.56,8,37.6601396,127.0399018
471,다가구,도봉구,601.36,12,37.6415848,127.0390855
472,다가구,은평구,508.07,13,37.6187962,126.9115198
473,다가구,강북구,480.36,8,37.6288076,127.0163617
474,다가구,강서구,292.68,7,37.554902,126.8133442
475,다가구,은평구,543.95,12,37.6229371,126.9133868
476,다가구,은평구,201.91,7,37.6229371,126.9133868
477,다가구,은평구,598.72,12,37.6229371,126.9133868
478,다가구,중랑구,581.84,11,37.5832098,127.0772358
479,다가구,서대문구,582.59,10,37.592438,126.9337972
480,다가구,중랑구,544.47,8,37.5832098,127.0772358
481,다가구,서대문구,223.62,22,37.592438,126.9337972
482,다가구,은평구,516.55,10,37.6229371,126.9133868
483,다가구,양천구,313.08,8,37.5343666,126.8260914
484,다가구,도봉구,437.39,8,37.66442,127.03333
485,다가구,도봉구,553.68,10,37.6677617,127.0308251
486,다가구,도봉구,284.64,8,37.6496915,127.0234791
487,다가구,중랑구,576.31,24,37.5918258,127.0920954
488,다가구,강북구,440.61,8,37.6342109,127.0145774
489,다가구,강북구,445.88,8,37.6345821,127.014857
490,다가구,노원구,317.84,8,37.6320209,127.0434841
491,다가구,도봉구,552.38,10,37.6567695,127.0158804
492,다가구,도봉구,481.91,8,37.6542266,127.0181811
493,다가구,강북구,373.63,7,37.6478576,127.0185771
494,다가구,강북구,557.72,10,37.646668,127.0118419
495,다가구,동작구,213.16,6,37.4811443,126.9752886
496,다가구,관악구,104.64,19,37.4720569,126.9213583
497,다가구,성북구,404.46,7,37.6129092,127.0116597
498,다가구,강서구,492.33,8,37.5407147,126.8494632
499,다가구,강서구,595.02,10,37.5457012,126.8454576
500,다가구,강서구,73.99,19,37.5547207,126.8615232
501,다가구,강서구,390.31,8,37.5360126,126.8576656
502,다가구,도봉구,473.56,8,37.6682565,127.0409037
503,다가구,도봉구,394.21,7,37.6542266,127.0181811
504,다가구,도봉구,187.3,4,37.6499406,127.0256109
505,다가구,도봉구,312.54,8,37.6660526,127.0326512
506,다가구,도봉구,174.51,5,37.6598927,127.0364463
507,다가구,중랑구,415.73,8,37.5909039,127.1004988
508,다가구,중랑구,434.38,8,37.5923058,127.1012431
509,다가구,강북구,596.3,11,37.6357065,127.0150814
510,다가구,강북구,434.29,8,37.6468025,127.0178374
511,다가구,도봉구,452.74,7,37.6357689,127.0402043
512,다가구,강북구,321.05,7,37.6380322,127.0120005
513,다가구,양천구,487.57,9,37.5303714,126.8294327
514,다가구,양천구,403.41,8,37.5427255,126.8674458
515,다가구,도봉구,509.52,8,37.6415848,127.0390855
516,다가구,도봉구,237.42,22,37.6533129,127.0562911
517,다가구,도봉구,300.17,7,37.666929,127.0316968
518,다가구,도봉구,466.61,8,37.666929,127.0316968
519,다가구,도봉구,478.21,8,37.666929,127.0316968
520,다가구,은평구,416.53,8,37.60724,126.9194
521,다가구,은평구,531.64,16,37.6172805,126.9122776
522,다가구,성북구,595.42,10,37.611095,127.0125702
523,다가구,관악구,401.67,11,37.4660516,126.9356652
524,다가구,마포구,539.22,15,37.5526592,126.9113143
525,다가구,은평구,386.96,8,37.6197433,126.9277419
526,다가구,은평구,397.29,8,37.6197433,126.9277419
527,다가구,노원구,522.03,8,37.6728771,127.0563163
528,다가구,노원구,528.16,8,37.6728771,127.0563163
529,다가구,구로구,552.94,10,37.4905728,126.8582919
530,다가구,강서구,267.68,7,37.5369495,126.8614164
531,다가구,양천구,295.62,7,37.5353473,126.8324511
532,다가구,강북구,453.36,8,37.6359432,127.0141985
533,다가구,강북구,455.82,8,37.6276261,127.0395887
534,다가구,마포구,318.5,8,37.5553338,126.9036398
535,다가구,은평구,473.96,8,37.6148467,126.9162001
536,다가구,은평구,470.47,8,37.6148467,126.9162001
537,다가구,강서구,468.88,16,37.5378136,126.8491521
538,다가구,도봉구,528.2,9,37.666929,127.0316968
539,다가구,도봉구,527.76,10,37.666929,127.0316968
540,다가구,도봉구,527.76,10,37.666929,127.0316968
541,다가구,도봉구,209.48,4,37.6689023,127.0368365
542,다가구,도봉구,602.46,10,37.666929,127.0316968
543,다가구,도봉구,295.42,4,37.6415848,127.0390855
544,다가구,도봉구,531.6,8,37.6415848,127.0390855
545,다가구,도봉구,501.16,8,37.6399502,127.0367977
546,다가구,도봉구,391,8,37.6612829,127.0488542
547,다가구,도봉구,470.7,8,37.6848333,127.0445583
548,다가구,도봉구,460,8,37.6455145,127.0366665
549,다가구,강북구,494.04,8,37.62197,127.01286
550,다가구,강북구,469.92,8,37.62197,127.01286
551,다가구,성북구,596.78,10,37.6131502,127.0125573
552,다가구,강북구,311.41,8,37.6478576,127.0185771
553,다가구,강북구,446.43,10,37.6452099,127.0163025
554,다가구,강북구,476.24,8,37.6437255,127.012081
555,다가구,성북구,336.88,7,37.611095,127.0125702
556,다가구,은평구,596.78,12,37.6229371,126.9133868
557,다가구,은평구,596.32,12,37.6229371,126.9133868
558,다가구,강서구,484.81,8,37.5323248,126.8536172
559,다가구,도봉구,466.32,8,37.6689023,127.0368365
560,다가구,도봉구,575.12,11,37.6496915,127.0234791
561,다가구,양천구,408.49,11,37.5303714,126.8294327
562,다가구,강서구,520.44,12,37.5368353,126.8501137
563,다가구,은평구,522.26,10,37.6170002,126.9103593
564,다가구,은평구,601.5,14,37.6156806,126.9126848
565,다가구,은평구,601.72,14,37.615296,126.9116883
566,다가구,은평구,590.45,12,37.6229371,126.9133868
567,다가구,구로구,405.32,8,37.4857452,126.8537073
568,다가구,양천구,442.66,8,37.5303714,126.8294327
569,다가구,양천구,421.58,8,37.5303714,126.8294327
570,다가구,도봉구,369.14,7,37.6339762,127.0413177
571,다가구,강서구,326.73,7,37.5410864,126.8487019
572,다가구,도봉구,227.72,4,37.6388764,127.0365033
573,다가구,도봉구,505.48,8,37.6388764,127.0365033
574,다가구,도봉구,585.52,11,37.6391062,127.0352599
575,다가구,도봉구,465.19,8,37.6336259,127.0439172
576,다가구,도봉구,587.6,10,37.6696531,127.0330863
577,다가구,도봉구,416.62,7,37.6685187,127.0340101
578,다가구,도봉구,551.16,11,37.6685187,127.0340101
579,다가구,도봉구,283.58,8,37.6696531,127.0330863
580,다가구,도봉구,316.71,8,37.66599,127.03486
581,다가구,도봉구,412.58,8,37.6339762,127.0413177
582,다가구,도봉구,424.77,8,37.6339762,127.0413177
583,다가구,도봉구,452.73,10,37.667343,127.0312468
584,다가구,서대문구,455.78,22,37.582635,126.9211963
585,다가구,강서구,241.68,4,37.5521636,126.831807
586,다가구,강서구,294.21,5,37.5521636,126.831807
587,다가구,강서구,294.18,5,37.5521636,126.831807
588,다가구,강서구,274.17,5,37.5521636,126.831807
589,다가구,도봉구,600.28,10,37.6685187,127.0340101
590,다가구,도봉구,606.06,9,37.6685187,127.0340101
591,다가구,도봉구,356.64,6,37.6685187,127.0340101
592,다가구,강서구,593.4,10,37.5405635,126.8525606
593,다가구,강북구,434.85,8,37.6571616,127.0124659
594,다가구,금천구,415.83,8,37.4610602,126.9095404
595,다가구,도봉구,586.74,12,37.6325129,127.043492
596,다가구,은평구,586.85,11,37.6270971,126.9167294
597,다가구,구로구,380.33,8,37.5025154,126.8439471
598,다가구,금천구,570.82,17,37.4622659,126.9008621
599,다가구,중랑구,543.01,11,37.5895182,127.1005141
600,다가구,중랑구,501.36,10,37.5909039,127.1004988
601,다가구,도봉구,595.13,12,37.6578385,127.0278246
602,다가구,도봉구,334.52,7,37.6696531,127.0330863
603,다가구,도봉구,591.71,11,37.6689023,127.0368365
604,다가구,강북구,310.99,8,37.6430299,127.0129437
605,다가구,강북구,503.47,10,37.6439532,127.0079411
606,다가구,강북구,590.64,11,37.6430299,127.0129437
607,다가구,은평구,138.27,16,37.5928135,126.9070957
608,다가구,양천구,588.16,10,37.5282163,126.8372472
609,다가구,양천구,586.57,11,37.528345,126.8365355
610,다가구,도봉구,587.56,10,37.66055,127.0384288
611,다가구,도봉구,475.22,10,37.6531268,127.0554121
612,다가구,도봉구,323.28,7,37.6379293,127.0413975
613,다가구,도봉구,604.25,12,37.6379293,127.0413975
614,다가구,도봉구,462.84,8,37.6336259,127.0439172
615,다가구,도봉구,464.68,8,37.6336259,127.0439172
616,다가구,도봉구,346.75,8,37.635158,127.0399473
617,다가구,도봉구,565,10,37.6354085,127.0393574
618,다가구,도봉구,473.45,8,37.6496915,127.0234791
619,다가구,도봉구,415.45,8,37.6496915,127.0234791
620,다가구,은평구,353.59,20,37.6051161,126.9134945
621,다가구,도봉구,491.73,10,37.6325129,127.043492
622,다가구,도봉구,364.08,8,37.6825983,127.0450798
623,다가구,도봉구,336.31,8,37.6379293,127.0413975
624,다가구,도봉구,491.4,10,37.6325129,127.043492
625,다가구,도봉구,457.47,10,37.6379293,127.0413975
626,다가구,도봉구,363.39,8,37.6818496,127.0444231
627,다가구,노원구,587.09,12,37.63647,127.07218
628,다가구,노원구,594.43,11,37.63647,127.07218
629,다가구,노원구,547.65,10,37.6361231,127.0736272
630,다가구,노원구,427.71,8,37.6361231,127.0736272
631,다가구,노원구,453.26,8,37.6361231,127.0736272
632,다가구,노원구,472.2,10,37.6361231,127.0736272
633,다가구,서대문구,578.78,10,37.592438,126.9337972
634,다가구,서대문구,170.2,4,37.592438,126.9337972
635,다가구,서대문구,573.06,10,37.592438,126.9337972
636,다가구,강서구,590.96,16,37.5422075,126.8342684
637,다가구,강북구,593.65,12,37.6388746,127.0334199
638,다가구,강북구,510.18,10,37.6230851,127.0139993
639,다가구,강북구,530.56,8,37.6230851,127.0139993
640,다가구,강북구,485.28,10,37.6230851,127.0139993
641,다가구,강북구,480.75,10,37.6373432,127.0186341
642,다가구,강북구,550.03,11,37.6373432,127.0186341
643,다가구,강북구,487.37,10,37.6456753,127.021263
644,다가구,강북구,492.46,10,37.6346147,127.0152114
645,다가구,강북구,398.8,8,37.6346147,127.0152114
646,다가구,강북구,523.57,11,37.6291763,127.0146842
647,다가구,강북구,419.52,8,37.6364064,127.0103216
648,다가구,강북구,600.79,12,37.647614,127.02058
649,다가구,강북구,527.22,11,37.6486907,127.0202448
650,다가구,강북구,494.28,10,37.647614,127.02058
651,다가구,강북구,593.32,11,37.6464156,127.0228501
652,다가구,강북구,594.62,14,37.6486907,127.0202448
653,다가구,구로구,496.76,10,37.4891293,126.8528384
654,다가구,구로구,481.21,10,37.4930673,126.8504058
655,다가구,구로구,468.96,10,37.4930673,126.8504058
656,다가구,구로구,383.08,8,37.5021554,126.8397894
657,다가구,구로구,599.28,12,37.4846902,126.8532367
658,다가구,구로구,205.53,4,37.4846902,126.8532367
659,다가구,금천구,470.33,8,37.4576244,126.9024976
660,다가구,노원구,352.01,8,37.6342937,127.0586301
661,다가구,도봉구,318.4,8,37.6475306,127.0364361
662,다가구,도봉구,293.8,8,37.6475306,127.0364361
663,다가구,동대문구,397.84,8,37.5692259,127.0657237
664,다가구,동대문구,343.54,8,37.5692259,127.0657237
665,다가구,동대문구,386.22,8,37.5692259,127.0657237
666,다가구,동대문구,356.88,8,37.5692259,127.0657237
667,다가구,동대문구,369.36,8,37.5690545,127.0659952
668,다가구,동대문구,356.88,8,37.5690545,127.0659952
669,다가구,서대문구,317.21,7,37.5824023,126.9140225
670,다가구,서대문구,487.13,10,37.5927107,126.9332029
671,다가구,서대문구,583.17,10,37.5927107,126.9332029
672,다가구,서대문구,478.04,8,37.5917587,126.9343906
673,다가구,서대문구,560.67,10,37.5917587,126.9343906
674,다가구,성북구,456.37,8,37.6076549,127.013154
675,다가구,성북구,346.48,8,37.611095,127.0125702
676,다가구,성북구,351.62,8,37.611095,127.0125702
677,다가구,양천구,581.32,10,37.5311775,126.8291945
678,다가구,양천구,468.58,8,37.528463,126.834925
679,다가구,양천구,595.88,11,37.5372741,126.8331639
680,다가구,은평구,465.54,8,37.6172805,126.9122776
681,다가구,노원구,231.45,6,37.6323613,127.0426084
682,다가구,강북구,481.58,10,37.6263642,127.0137288
683,다가구,강북구,430.92,10,37.6370158,127.0347011
684,다가구,강북구,384.22,9,37.6386262,127.0331248
685,다가구,강북구,420.72,8,37.6308926,127.0165955
686,다가구,강북구,392.88,8,37.6308926,127.0165955
687,다가구,강북구,441.25,10,37.6364064,127.0103216
688,다가구,강북구,535.54,11,37.6456753,127.021263
689,다가구,강북구,596.42,13,37.6456753,127.021263
690,다가구,구로구,542.08,10,37.4891293,126.8528384
691,다가구,서대문구,574.07,12,37.5805354,126.9163455
692,다가구,서대문구,565.02,10,37.5805354,126.9163455
693,다가구,서대문구,547.89,10,37.5927107,126.9332029
694,다가구,서대문구,429.1,7,37.5927107,126.9332029
695,다가구,서대문구,476.34,12,37.5927107,126.9332029
696,다가구,서대문구,324.88,7,37.6017848,126.948144
697,다가구,양천구,439.32,8,37.5330168,126.8343455
698,다가구,구로구,567.54,11,37.4930673,126.8504058
699,다가구,구로구,587.13,11,37.5063301,126.8557968
700,다가구,금천구,431.54,10,37.4501606,126.908467
701,다가구,양천구,308.92,8,37.5290514,126.837158
702,다가구,도봉구,517.71,10,37.6686268,127.0307337
703,다가구,중랑구,336.49,8,37.6014196,127.0894033
704,다가구,마포구,332.04,9,37.5553338,126.9036398
705,다가구,은평구,508.03,10,37.5923878,126.9202406
706,다가구,은평구,404.16,8,37.5923878,126.9202406
707,다가구,강북구,470.56,10,37.64726,127.01005
708,다가구,강북구,597.22,12,37.6446091,127.0134304
709,다가구,강북구,544.67,11,37.6446091,127.0134304
710,다가구,강북구,478.39,10,37.6446091,127.0134304
711,다가구,강북구,370.28,8,37.6446091,127.0134304
712,다가구,강북구,529.28,10,37.6446091,127.0134304
713,다가구,강북구,592.68,12,37.6430299,127.0129437
714,다가구,강북구,377.93,7,37.6430299,127.0129437
715,다가구,강북구,595.49,11,37.6315828,127.0157644
716,다가구,강북구,354.27,8,37.6328136,127.0142102
717,다가구,강북구,542.82,11,37.6364064,127.0103216
718,다가구,강북구,496.76,10,37.6364064,127.0103216
719,다가구,강북구,598.7,12,37.6483141,127.0213364
720,다가구,강북구,588.74,15,37.62197,127.01286
721,다가구,영등포구,292.98,8,37.4903561,126.9030887
722,다가구,금천구,456.9,9,37.4585858,126.9034831
723,다가구,구로구,551.6,10,37.49294,126.82476
724,다가구,구로구,511.52,10,37.4899208,126.8527442
725,다가구,양천구,508.56,12,37.5311136,126.8285241
726,다가구,금천구,351.58,8,37.4607353,126.9083373
727,다가구,양천구,419.98,8,37.5422166,126.867998
728,다가구,도봉구,411.95,10,37.6395328,127.0414626
729,다가구,도봉구,527.73,10,37.6844459,127.0429293
730,다가구,광진구,221.04,6,37.5565581,127.0937073
731,다가구,서대문구,516.18,10,37.5917587,126.9343906
732,다가구,서대문구,575,12,37.5917587,126.9343906
733,다가구,서대문구,331.54,6,37.5917587,126.9343906
734,다가구,강북구,510.55,11,37.62197,127.01286
735,다가구,은평구,600.4,11,37.6171162,126.9044926
736,다가구,강북구,592.79,12,37.6446091,127.0134304
737,다가구,강북구,272.77,8,37.629452,127.0147088
738,다가구,강북구,361.54,8,37.62197,127.01286
739,다가구,강북구,342.63,7,37.62197,127.01286
740,다가구,서대문구,285.31,6,37.5927107,126.9332029
741,다가구,중랑구,532.82,10,37.599697,127.0813377
742,다가구,중랑구,362.16,8,37.5973235,127.1010037
743,다가구,양천구,594.12,16,37.5279524,126.8360401
744,다가구,도봉구,590.52,12,37.6814829,127.0434211
745,다가구,도봉구,597.17,11,37.6814829,127.0434211
746,다가구,도봉구,592.68,12,37.6814829,127.0434211
747,다가구,양천구,421.81,10,37.528345,126.8365355
748,다가구,광진구,566,14,37.5401872,127.0657996
749,다가구,광진구,566,14,37.5401872,127.0657996
750,다가구,마포구,559.32,14,37.5558083,126.9024968
751,다가구,서대문구,375.46,8,37.5838525,126.9370397
752,다가구,동대문구,536.81,16,37.5807008,127.0328361
753,다가구,동대문구,378.86,13,37.5807008,127.0328361
754,다가구,도봉구,408.52,8,37.6395328,127.0414626
755,다가구,성북구,435.07,8,37.6169303,127.0565492
756,다가구,성북구,550.71,12,37.6169303,127.0565492
757,다가구,서대문구,341.88,7,37.5591281,126.9294622
758,다가구,성북구,597.68,12,37.6132163,127.0651425
759,다가구,성북구,471.84,8,37.6132163,127.0651425
760,다가구,성북구,478.4,8,37.6132163,127.0651425
761,다가구,강서구,411.02,8,37.5771132,126.8179574
762,다가구,강서구,435.82,8,37.5771132,126.8179574
763,다가구,강서구,565.87,12,37.5771132,126.8179574
764,다가구,서대문구,591.19,11,37.5780811,126.9271809
765,다가구,서대문구,497.75,10,37.5806848,126.9181246
766,다가구,서대문구,450.39,10,37.5806848,126.9181246
767,다가구,금천구,530.65,10,37.45348,126.89746
768,다가구,서대문구,401.45,8,37.5927107,126.9332029
769,다가구,서대문구,408.48,8,37.5927107,126.9332029
770,다가구,서대문구,397.72,8,37.5927107,126.9332029
771,다가구,은평구,536.8,10,37.625086,126.9204475
772,다가구,중랑구,420.67,8,37.6079383,127.0756773
773,다가구,광진구,243.73,6,37.5608051,127.0837821
774,다가구,중랑구,430.1,10,37.617319,127.0814352
775,다가구,종로구,500,30,37.56992,127.01583
776,다가구,중랑구,446.46,10,37.6090689,127.0795669
777,다가구,성북구,378.76,8,37.6086498,127.0072166
778,다가구,성북구,378.76,8,37.6086498,127.0072166
779,다가구,구로구,447.8,8,37.4976843,126.8404009
780,다가구,서대문구,455.62,10,37.582635,126.9211963
781,다가구,은평구,340.79,7,37.61209,126.92292
782,다가구,서대문구,374.1,7,37.5832196,126.9243421
783,다가구,서대문구,397.98,7,37.5810052,126.9200922
784,다가구,구로구,536.27,11,37.4940668,126.8496512
785,다가구,구로구,406.94,8,37.4938887,126.8519722
786,다가구,구로구,508.95,10,37.4920335,126.8515023
787,다가구,서대문구,388.36,8,37.57702,126.93335
788,다가구,서대문구,356,10,37.5801465,126.9270507
789,다가구,중랑구,448,11,37.5926322,127.1025106
790,다가구,구로구,593.6,11,37.4940668,126.8496512
791,다가구,강동구,482.72,10,37.5524089,127.137631
792,다가구,강동구,554.7,10,37.553141,127.1329859
793,다가구,서대문구,427.66,10,37.582635,126.9211963
794,다가구,은평구,317.49,6,37.5928135,126.9070957
795,다가구,중랑구,565.41,11,37.5952679,127.073034
796,다가구,중랑구,549.41,12,37.5833453,127.0774896
797,다가구,송파구,374.28,8,37.5017128,127.1404298
798,다가구,서대문구,577.38,11,37.5859877,126.9149631
799,다가구,서대문구,546.64,12,37.5859877,126.9149631
800,다가구,동대문구,561.7,10,37.5813361,127.0426263
801,다가구,동대문구,549.2,10,37.5813361,127.0426263
802,다가구,동대문구,273.76,6,37.5753606,127.0705581
803,다가구,강동구,585.96,12,37.553141,127.1329859
804,다가구,강동구,407.04,9,37.54856,127.13117
805,다가구,구로구,392.17,8,37.5025154,126.8439471
806,다가구,구로구,553.51,10,37.4891293,126.8528384
807,다가구,송파구,541,12,37.4930327,127.1318801
808,다가구,송파구,541,12,37.4930327,127.1318801
809,다가구,송파구,541,12,37.4930327,127.1318801
810,다가구,송파구,538.04,12,37.4930327,127.1318801
811,다가구,중랑구,509.98,11,37.5926322,127.1025106
812,다가구,관악구,437.92,8,37.478537,126.9482486
813,다가구,강동구,539.26,12,37.5532458,127.1347143
814,다가구,송파구,286.38,6,37.5017128,127.1404298
815,다가구,송파구,363.74,7,37.5063866,127.134264
816,다가구,강동구,381.24,8,37.5532458,127.1347143
817,다가구,강동구,396.72,8,37.5532458,127.1347143
818,다가구,중랑구,398.37,9,37.5891164,127.1002918
819,다가구,구로구,543.46,10,37.4917809,126.8875445
820,다가구,서대문구,436.16,10,37.582635,126.9211963
821,다가구,강동구,576.58,11,37.553684,127.1363
822,다가구,송파구,429.08,10,37.508878,127.1131057
823,다가구,구로구,419.1,8,37.4938887,126.8519722
824,다가구,강동구,471.76,10,37.5482928,127.1396939
825,다가구,강동구,513.32,10,37.5482866,127.1336135
826,다가구,강동구,580.96,11,37.5530098,127.1363061
827,다가구,동대문구,592.06,10,37.6169303,127.0565492
828,다가구,동대문구,522.34,9,37.6169303,127.0565492
829,다가구,동대문구,518.28,10,37.6169303,127.0565492
830,다가구,동대문구,592.76,10,37.6132163,127.0651425
831,다가구,동대문구,527.2,12,37.6132163,127.0651425
832,다가구,송파구,302.6,8,37.4923942,127.1262983
833,다가구,송파구,321.73,7,37.4843324,127.1296365
834,다가구,중랑구,469.99,10,37.5891164,127.1002918
835,다가구,중랑구,485.13,11,37.5895182,127.1005141
836,다가구,은평구,518.21,11,37.6233202,126.9290951
837,다가구,금천구,420.45,8,37.4507,126.90856
838,다가구,금천구,434.84,8,37.4464584,126.9010842
839,다가구,구로구,505,10,37.5036178,126.8579969
840,다가구,구로구,455,10,37.5036178,126.8579969
841,다가구,구로구,499.33,10,37.5036178,126.8579969
842,다가구,구로구,502.25,10,37.5036178,126.8579969
843,다가구,구로구,385.08,8,37.5025154,126.8439471
844,다가구,강동구,572.12,11,37.5373019,127.1467372
845,다가구,중랑구,273.48,6,37.5892069,127.080829
846,다가구,서대문구,406.47,7,37.582635,126.9211963
847,다가구,송파구,290.71,6,37.5026736,127.135683
848,다가구,양천구,486.95,10,37.5372573,126.8683955
849,다가구,노원구,540.34,12,37.6605142,127.0673627
850,다가구,송파구,336.62,7,37.504066,127.1352811
851,다가구,송파구,439.91,10,37.4851203,127.1298992
852,다가구,송파구,398.19,8,37.4991,127.14494
853,다가구,송파구,583.44,12,37.4991,127.14494
854,다가구,송파구,392.41,8,37.4991,127.14494
855,다가구,강동구,561.65,11,37.54856,127.13117
856,다가구,강동구,299.91,6,37.5449125,127.1379748
857,다가구,강동구,581.76,13,37.5412773,127.1353692
858,다가구,동대문구,446.2,10,37.5879661,127.0597765
859,다가구,광진구,581.03,16,37.5288794,127.0804296
860,다가구,중랑구,451.35,8,37.5913359,127.0960961
861,다가구,중랑구,182.84,4,37.5906609,127.0948755
862,다가구,송파구,294.34,8,37.504066,127.1352811
863,다가구,송파구,509.62,10,37.496396,127.0984017
864,다가구,송파구,541.24,12,37.496396,127.0984017
865,다가구,송파구,488.66,11,37.496396,127.0984017
866,다가구,송파구,337.6,7,37.5024046,127.1245329
867,다가구,송파구,286.52,6,37.4928257,127.1227539
868,다가구,송파구,300.83,7,37.5030338,127.1400136
869,다가구,광진구,374.97,7,37.5588352,127.077377
870,다가구,강동구,541.21,10,37.4825572,126.856878
871,다가구,강동구,541.21,10,37.4825572,126.856878
872,다가구,강동구,483.59,11,37.54856,127.13117
873,다가구,강동구,589.08,16,37.5540171,127.1322538
874,다가구,금천구,529.06,11,37.4628926,126.9007191
875,다가구,동대문구,591.84,8,37.5688334,127.0729248
876,다가구,동대문구,590.28,11,37.5688334,127.0729248
877,다가구,동대문구,590.28,11,37.5688334,127.0729248
878,다가구,은평구,318.05,7,37.6084124,126.9084235
879,다가구,관악구,273.16,7,37.4755573,126.9142091
880,다가구,중랑구,490.98,10,37.5834344,127.0812991
881,다가구,중랑구,590.52,12,37.5926097,127.0798676
882,다가구,은평구,530.54,9,37.620417,126.9149001
883,다가구,은평구,584.33,11,37.620417,126.9149001
884,다가구,은평구,585.87,13,37.5977598,126.9215082
885,다가구,강동구,390.9,9,37.5340318,127.1296105
886,다가구,송파구,545.24,12,37.5057113,127.1295532
887,다가구,서대문구,408.82,8,37.582635,126.9211963
888,다가구,송파구,334.85,6,37.5026736,127.135683
889,다가구,송파구,469.2,10,37.5023264,127.1360894
890,다가구,송파구,577.5,10,37.5109147,127.119472
891,다가구,송파구,372.22,8,37.4888945,127.1255961
892,다가구,송파구,460.92,10,37.4881662,127.1333976
893,다가구,송파구,413.68,11,37.508878,127.1131057
894,다가구,광진구,1000,24,37.5302297,127.0766287
895,다가구,중랑구,433.17,8,37.6126051,127.07459
896,다가구,동대문구,579.89,12,37.5793397,127.0696186
897,다가구,구로구,584.08,12,37.5059,126.85999
898,다가구,구로구,585.24,12,37.5059,126.85999
899,다가구,강동구,251.56,8,37.5473071,127.1398449
900,다가구,강동구,304.07,7,37.5448946,127.1319066
901,다가구,강동구,374.86,9,37.5489589,127.1372105
902,다가구,강동구,337.4,8,37.5489589,127.1372105
903,다가구,강동구,474.45,11,37.4825572,126.856878
904,다가구,광진구,1000,22,37.531202,127.0772744
905,다가구,노원구,1000,22,37.6282688,127.0742061
906,다가구,중랑구,1000,22,37.5983937,127.076586
907,다가구,강동구,369.68,8,37.5466376,127.1685566
908,다가구,강동구,360.2,8,37.5466376,127.1685566
909,다가구,강동구,396.41,10,37.5524089,127.137631
910,다가구,강동구,483.61,10,37.5532458,127.1347143
911,다가구,강동구,445.43,10,37.54856,127.13117
912,다가구,강동구,350.36,7,37.5473914,127.1383595
913,다가구,강동구,532.49,10,37.5473914,127.1383595
914,다가구,강동구,407.85,9,37.5489589,127.1372105
915,다가구,강동구,220.62,5,37.5469869,127.1307324
916,다가구,노원구,278.74,6,37.6605142,127.0673627
917,다가구,성북구,489.91,10,37.6098986,127.0124443
918,다가구,성북구,456.92,8,37.6092586,126.9974291
919,다가구,송파구,576.78,16,37.5054451,127.118023
920,다가구,송파구,550.49,12,37.5275984,127.1174132
921,다가구,송파구,532.53,12,37.5054451,127.118023
922,다가구,송파구,503.73,12,37.5054451,127.118023
923,다가구,은평구,562.22,12,37.616922,126.9080717
924,다가구,은평구,408.21,8,37.6171162,126.9044926
925,다가구,중랑구,479.19,10,37.6118019,127.0751973
926,다가구,광진구,415.53,10,37.5363797,127.0914994
927,다가구,광진구,387.29,10,37.5283532,127.0841329
928,다가구,강동구,589.52,12,37.5455932,127.1692079
929,다가구,강동구,377.94,8,37.5455932,127.1692079
930,다가구,강동구,418.08,8,37.5427819,127.1352871
931,다가구,강동구,585.56,11,37.5427819,127.1352871
932,다가구,송파구,428.48,10,37.5335392,127.1178735
933,다가구,강동구,473.25,10,37.5509051,127.1257573
934,다가구,강동구,410.04,10,37.54856,127.13117
935,다가구,광진구,297.96,6,37.5283532,127.0841329
936,다가구,광진구,581.97,15,37.531202,127.0772744
937,다가구,동대문구,550.02,10,37.5891454,127.0590217
938,다가구,동대문구,475.52,8,37.5891454,127.0590217
939,다가구,서대문구,375.79,8,37.582635,126.9211963
940,다가구,서대문구,377.35,8,37.582635,126.9211963
941,다가구,성북구,457.68,8,37.6092586,126.9974291
942,다가구,성북구,286.08,6,37.6092586,126.9974291
943,다가구,성북구,586.2,12,37.611564,127.0143668
944,다가구,성북구,465.28,8,37.6076549,127.013154
945,다가구,성북구,428.24,8,37.6170414,127.0045749
946,다가구,성북구,410.91,11,37.6170414,127.0045749
947,다가구,양천구,581.04,12,37.5257497,126.8508336
948,다가구,양천구,565.79,16,37.5257497,126.8508336
949,다가구,양천구,511.36,12,37.5260963,126.8536045
950,다가구,양천구,511.36,12,37.5260963,126.8536045
951,다가구,양천구,511.36,12,37.5260963,126.8536045
952,다가구,양천구,421.84,10,37.5260963,126.8536045
953,다가구,중랑구,454.78,10,37.5926322,127.1025106
954,다가구,동대문구,1000,22,37.5741492,127.0483699
955,다가구,강동구,438.53,10,37.5442135,127.1363444
956,다가구,성동구,390.07,7,37.5488988,127.0649909
957,다가구,성북구,589.93,12,37.6003932,127.040513
958,다가구,은평구,1199.19,27,37.6206922,126.9209477
959,다가구,광진구,414.36,8,37.562759,127.0765353
960,다가구,광진구,529.09,10,37.562759,127.0765353
961,다가구,강동구,426.95,11,37.533381,127.1246783
962,다가구,강동구,575.22,12,37.5448946,127.1319066
963,다가구,강동구,425.43,9,37.5473914,127.1383595
964,다가구,구로구,553.31,12,37.4891293,126.8528384
965,다가구,노원구,291.67,6,37.6342937,127.0586301
966,다가구,동대문구,0,16,37.5891454,127.0590217
967,다가구,송파구,425.3,10,37.5030338,127.1400136
968,다가구,송파구,389.84,10,37.4995953,127.139018
969,다가구,강동구,437.68,10,37.5407764,127.1363624
970,다가구,강동구,553.45,11,37.5465908,127.1290027
971,다가구,강동구,362.45,8,37.5458614,127.1691745
972,다가구,강동구,498.92,10,37.5511143,127.1355393
973,다가구,강동구,476.66,10,37.5401281,127.1344549
974,다가구,강동구,522.35,10,37.5428871,127.1348138
975,다가구,강동구,385.06,8,37.527952,127.1259059
976,다가구,강동구,583.87,10,37.5485519,127.13627
977,다가구,강동구,442.4,10,37.547865,127.1376725
978,다가구,관악구,488.56,10,37.4931786,126.9302148
979,다가구,광진구,575.18,15,37.5288794,127.0804296
980,다가구,광진구,472.07,13,37.5334195,127.0803286
981,다가구,광진구,486.95,13,37.5334195,127.0803286
982,다가구,광진구,463.96,10,37.5304815,127.0808173
983,다가구,광진구,571.06,13,37.5710673,127.0813763
984,다가구,광진구,565.43,15,37.5710673,127.0813763
985,다가구,광진구,449.5,10,37.5625611,127.0770972
986,다가구,금천구,580.85,12,37.4759396,126.9009248
987,다가구,노원구,369.03,7,37.6605142,127.0673627
988,다가구,노원구,578.81,12,37.6726613,127.05113
989,다가구,동대문구,1634.01,35,37.5629552,127.0679645
990,다가구,동작구,584.17,13,37.4800965,126.9735833
991,다가구,서초구,411.78,10,37.4690515,127.0436406
992,다가구,양천구,575.32,14,37.540057,126.8701074
993,다가구,영등포구,560.05,11,37.4979077,126.8953838
994,다가구,중랑구,398.91,10,37.5911444,127.1027993
995,다가구,중랑구,398.58,8,37.6087706,127.0763808
996,다가구,노원구,587.66,11,37.6745081,127.0610072
997,다가구,강동구,506.74,10,37.5510241,127.1373955
998,다가구,강동구,375.48,8,37.547865,127.1376725
999,다가구,강동구,369.07,8,37.5458614,127.1691745
1000,다가구,강동구,592.92,12,37.5516478,127.1384114
1001,다가구,강동구,401.64,7,37.5489589,127.1372105
1002,다가구,송파구,531.6,11,37.4940111,127.1330804
1003,다가구,강남구,399.26,10,37.4733612,127.0521947
1004,다가구,강남구,394.46,10,37.4726313,127.0510654
1005,다가구,구로구,505.4,10,37.5078836,126.8469435
1006,다가구,동대문구,395.88,8,37.5891454,127.0590217
1007,다가구,동대문구,454.28,10,37.5824824,127.0397892
1008,다가구,성북구,537.44,10,37.61373,127.03915
1009,다가구,성북구,529.78,15,37.6143627,127.0430723
1010,다가구,성북구,560.89,15,37.6143627,127.0430723
1011,다가구,성북구,366.44,8,37.6143627,127.0430723
1012,다가구,성북구,353.33,8,37.6143627,127.0430723
1013,다가구,양천구,407.53,11,37.5427255,126.8674458
1014,다가구,영등포구,532.3,10,37.5085524,126.9096654
1015,다가구,은평구,436.58,8,37.5928135,126.9070957
1016,다가구,은평구,455.15,14,37.5928135,126.9070957
1017,다가구,동대문구,588.16,12,37.5742885,127.0704863
1018,다가구,동대문구,470.12,8,37.5742885,127.0704863
1019,다가구,동대문구,588.16,12,37.5755348,127.0696919
1020,다가구,동대문구,470.12,8,37.5755348,127.0696919
1021,다가구,동작구,468.84,8,37.4930814,126.9786986
1022,다가구,동작구,585.2,12,37.4930814,126.9786986
1023,다가구,성북구,580.81,15,37.6161569,127.0450801
1024,다가구,성북구,582.71,14,37.6161569,127.0450801
1025,다가구,은평구,507.5,9,37.5846647,126.8984766
1026,다가구,강동구,510.65,10,37.5462318,127.138563
1027,다가구,광진구,469.64,14,37.5360635,127.0808346
1028,다가구,광진구,357.8,8,37.5360635,127.0808346
1029,다가구,서대문구,571.09,14,37.5685428,126.9601082
1030,다가구,서대문구,579.24,11,37.5794396,126.9149143
1031,다가구,성북구,408.72,8,37.6143627,127.0430723
1032,다가구,동대문구,504.1,10,37.5697228,127.0675228
1033,다가구,동대문구,504.1,10,37.5697228,127.0675228
1034,다가구,동대문구,479.44,8,37.5697228,127.0675228
1035,다가구,동대문구,352.73,7,37.5637453,127.0631517
1036,다가구,관악구,1000,23,37.4885569,126.9178214
1037,다가구,강동구,522.83,11,37.5392053,127.1473146
1038,다가구,강동구,397.88,8,37.5447586,127.1371696
1039,다가구,도봉구,474.93,11,37.6515654,127.0302531
1040,다가구,동대문구,531.64,12,37.5629552,127.0679645
1041,다가구,동대문구,538.02,10,37.5629552,127.0679645
1042,다가구,동대문구,497.89,10,37.576431,127.070637
1043,다가구,동대문구,412.49,8,37.5645133,127.0623478
1044,다가구,성북구,582.84,12,37.6169303,127.0565492
1045,다가구,성북구,582.84,12,37.6169303,127.0565492
1046,다가구,성북구,589.94,12,37.6169303,127.0565492
1047,다가구,성북구,382.69,6,37.6169303,127.0565492
1048,다가구,송파구,538.46,12,37.4938177,127.1360811
1049,다가구,송파구,540.25,10,37.5086286,127.1403605
1050,다가구,영등포구,356.44,7,37.5098069,126.9130392
1051,다가구,은평구,564.37,13,37.61328965,126.9080209
1052,다가구,강동구,542.78,10,37.5454562,127.1232916
1053,다가구,강동구,400,8,37.5454562,127.1232916
1054,다가구,강동구,430.02,8,37.5447586,127.1371696
1055,다가구,구로구,564.84,14,37.5057277,126.8628658
1056,다가구,금천구,479.84,8,37.4722845,126.8917604
1057,다가구,금천구,478.82,8,37.4722845,126.8917604
1058,다가구,금천구,397.13,8,37.4634193,126.8982997
1059,다가구,금천구,463.29,10,37.448783,126.9071064
1060,다가구,양천구,382.62,8,37.5441936,126.8730744
1061,다가구,도봉구,495.68,10,37.6533129,127.0562911
1062,다가구,강동구,543.81,13,37.5524089,127.137631
1063,다가구,강동구,371.02,8,37.5409649,127.1348855
1064,다가구,강동구,468.68,10,37.5409649,127.1348855
1065,다가구,동대문구,541.58,10,37.5693006,127.0715818
1066,다가구,은평구,474.97,10,37.5999512,126.9237371
1067,다가구,강동구,534.31,10,37.5497802,127.1379119
1068,다가구,금천구,355.17,6,37.4553934,126.9091641
1069,다가구,금천구,475.76,8,37.4553934,126.9091641
1070,다가구,금천구,505.4,8,37.4553934,126.9091641
1071,다가구,금천구,591.4,8,37.4553934,126.9091641
1072,다가구,금천구,488.7,12,37.4588119,126.9030485
1073,다가구,서초구,460.78,10,37.4742782,127.0468425
1074,다가구,양천구,577.76,12,37.5370614,126.8675314
1075,다가구,양천구,417.28,9,37.5370614,126.8675314
1076,다가구,양천구,578.42,15,37.5417934,126.8656583
1077,다가구,영등포구,524.84,12,37.4968798,126.8959318
1078,다가구,은평구,546.96,13,37.60965655,126.9119124
1079,다가구,은평구,414.02,8,37.61345085,126.9076407
1080,다가구,은평구,460.16,11,37.6146779,126.907923
1081,다가구,성북구,660,16,37.6065596,127.0435078
1082,다가구,성북구,660,20,37.6065596,127.0435078
1083,다가구,성북구,660,20,37.6065596,127.0435078
1084,다가구,성북구,660,20,37.6065596,127.0435078
1085,다가구,성북구,660,24,37.6065596,127.0435078
1086,다가구,성북구,660,24,37.6065596,127.0435078
1087,다가구,성북구,660,24,37.6065596,127.0435078
1088,다가구,강동구,372.8,7,37.5458614,127.1691745
1089,다가구,금천구,388.38,10,37.4614085,126.9083943
1090,다가구,금천구,523.53,12,37.453242,126.9087992
1091,다가구,양천구,473.61,11,37.5401806,126.8716261
1092,도시형,강남구,166.5,10,37.5791729,127.0398684
1093,도시형,강동구,415.08,14,37.5325144,127.1275341
1094,도시형,강동구,574.4,16,37.4825572,126.856878
1095,도시형,강동구,543.9,16,37.5455932,127.1692079
1096,도시형,강동구,327.12,10,37.5476378,127.1714695
1097,도시형,강동구,408.22,14,37.5401281,127.1344549
1098,도시형,강동구,552.84,23,37.5439865,127.1294649
1099,도시형,강동구,297.3,10,37.5525546,127.1278186
1100,도시형,강동구,559.89,24,37.5438381,127.1305558
1101,도시형,강북구,493.1,28,37.6486907,127.0202448
1102,도시형,강북구,348.01,20,37.6288252,127.0170625
1103,도시형,강북구,314.14,18,37.6036774,127.0255753
1104,도시형,강북구,394.68,22,37.6452734,127.0585517
1105,도시형,강북구,280.84,20,37.6318081,127.0149191
1106,도시형,강서구,508.95,29,37.5679142,126.8144979
1107,도시형,강서구,1033.14,60,37.5482932,126.8748578
1108,도시형,강서구,426.5,13,37.5343296,126.818713
1109,도시형,강서구,270.32,11,37.5382607,126.856148
1110,도시형,강서구,249.98,12,37.5346836,126.8556101
1111,도시형,관악구,202.87,12,37.4660516,126.9356652
1112,도시형,관악구,202.87,12,37.4660516,126.9356652
1113,도시형,광진구,410,20,37.5435359,127.0826384
1114,도시형,광진구,769.87,25,37.5329962,127.0794362
1115,도시형,구로구,443.24,27,37.4920335,126.8515023
1116,도시형,구로구,459.49,27,37.4893018,126.8527079
1117,도시형,구로구,407.44,22,37.4931091,126.8535211
1118,도시형,구로구,421.17,22,37.4932853,126.8524076
1119,도시형,구로구,421.39,24,37.4938887,126.8519722
1120,도시형,구로구,515.83,26,37.5042623,126.8646159
1121,도시형,구로구,391.64,20,37.4930673,126.8504058
1122,도시형,구로구,473.92,18,37.4932853,126.8524076
1123,도시형,구로구,481.44,18,37.4920335,126.8515023
1124,도시형,구로구,437.3,18,37.4893018,126.8527079
1125,도시형,구로구,467.46,24,37.4920335,126.8515023
1126,도시형,구로구,485.1,12,37.4899208,126.8527442
1127,도시형,구로구,392.24,12,37.4920335,126.8515023
1128,도시형,구로구,378.64,12,37.4920335,126.8515023
1129,도시형,구로구,409.35,16,37.4930673,126.8504058
1130,도시형,구로구,424.96,12,37.49403,126.8529741
1131,도시형,구로구,508.31,14,37.4920335,126.8515023
1132,도시형,금천구,276.83,16,37.4611071,126.9024942
1133,도시형,금천구,366.68,14,37.4638669,126.9043985
1134,도시형,금천구,502.46,17,37.4779234,126.9056859
1135,도시형,금천구,286.78,16,37.4556669,126.9065602
1136,도시형,노원구,497.24,28,37.6321433,127.0581182
1137,도시형,노원구,429.33,25,37.6240719,127.0775937
1138,도시형,노원구,494.3,29,37.6321433,127.0581182
1139,도시형,노원구,337.21,16,37.6198352,127.0799446
1140,도시형,노원구,500.32,24,37.6745081,127.0610072
1141,도시형,노원구,402.6,15,37.6370442,127.0771725
1142,도시형,노원구,315.76,12,37.6370442,127.0771725
1143,도시형,노원구,1027,28,37.6370442,127.0771725
1144,도시형,도봉구,236.24,8,37.6384322,127.035358
1145,도시형,도봉구,551.48,18,37.6661103,127.0366558
1146,도시형,도봉구,418.43,14,37.6594389,127.0370818
1147,도시형,도봉구,418.43,14,37.6597524,127.0389719
1148,도시형,동대문구,837.81,29,37.5619428,127.0692148
1149,도시형,동대문구,837.81,29,37.5619428,127.0692148
1150,도시형,동대문구,368.83,16,37.5891019,127.0619942
1151,도시형,동대문구,752.94,26,37.564027,127.0626549
1152,도시형,동대문구,719.2,24,37.564027,127.0626549
1153,도시형,동대문구,467.76,14,37.5627744,127.061308
1154,도시형,동작구,463.48,14,37.495904,126.9381663
1155,도시형,동작구,1033.44,26,37.4938089,126.930727
1156,도시형,마포구,253.94,19,37.5546358,126.9099249
1157,도시형,마포구,600.75,40,37.5743954,126.8951455
1158,도시형,마포구,475.51,29,37.5626775,126.9060396
1159,도시형,마포구,598.78,28,37.5627536,126.9265726
1160,도시형,마포구,410.19,16,37.5562777,126.9047718
1161,도시형,마포구,425.41,13,37.5608618,126.9005211
1162,도시형,서대문구,392.45,24,37.5823504,126.9151666
1163,도시형,서대문구,335.92,19,37.5803014,126.9250688
1164,도시형,서대문구,369.12,20,37.5991138,126.9486015
1165,도시형,서대문구,350.62,24,37.5793293,126.9280044
1166,도시형,서대문구,393.08,28,37.582635,126.9211963
1167,도시형,서대문구,293.82,15,37.5767681,126.9268171
1168,도시형,서대문구,355,20,37.5647638,126.907153
1169,도시형,서대문구,220.74,14,37.5767681,126.9268171
1170,도시형,서대문구,382.2,14,37.5841049,126.9281067
1171,도시형,서대문구,264.74,14,37.5793293,126.9280044
1172,도시형,서대문구,403.12,16,37.582635,126.9211963
1173,도시형,서대문구,419.49,14,37.582635,126.9211963
1174,도시형,서대문구,469.41,14,37.582635,126.9211963
1175,도시형,서대문구,326.03,19,37.5806848,126.9181246
1176,도시형,서대문구,397.68,14,37.5813843,126.9193206
1177,도시형,서대문구,293.74,12,37.5793293,126.9280044
1178,도시형,서대문구,493.12,24,37.5991116,126.9514923
1179,도시형,서대문구,384.65,12,37.5780811,126.9271809
1180,도시형,서대문구,312.09,14,37.5767681,126.9268171
1181,도시형,서대문구,379.94,16,37.5780811,126.9271809
1182,도시형,서대문구,314.1,12,37.5780811,126.9271809
1183,도시형,서대문구,260.51,14,37.5791769,126.9136241
1184,도시형,서대문구,247.03,13,37.5825334,126.9178699
1185,도시형,서대문구,456.58,16,37.5803014,126.9250688
1186,도시형,서대문구,435.16,15,37.5803014,126.9250688
1187,도시형,서대문구,363.76,14,37.5829214,126.9211997
1188,도시형,서대문구,306.12,17,37.582288,126.9144592
1189,도시형,서대문구,378.14,13,37.5705757,126.9305063
1190,도시형,서대문구,494.84,18,37.5822714,126.9155088
1191,도시형,성동구,389.62,11,37.5604542,127.0626275
1192,도시형,성동구,489.59,15,37.5604542,127.0626275
1193,도시형,성북구,267.09,17,37.611564,127.0143668
1194,도시형,성북구,401.55,23,37.6097617,127.0057041
1195,도시형,성북구,271.37,19,37.6093717,127.0147942
1196,도시형,성북구,359.79,24,37.611564,127.0143668
1197,도시형,성북구,316.55,20,37.6093717,127.0147942
1198,도시형,성북구,257.41,17,37.6101068,127.0145276
1199,도시형,성북구,323.89,22,37.609128,127.0108888
1200,도시형,성북구,386.85,15,37.6101068,127.0145276
1201,도시형,성북구,221.9,12,37.6067981,127.0088113
1202,도시형,성북구,367.61,14,37.612952,127.0085262
1203,도시형,성북구,338.89,12,37.5986183,127.0038477
1204,도시형,성북구,382.32,16,37.6063744,127.0142163
1205,도시형,성북구,377.57,16,37.6099806,127.0103897
1206,도시형,성북구,482,19,37.6121592,127.0097421
1207,도시형,성북구,427.22,14,37.5989781,127.0285287
1208,도시형,송파구,488.69,17,37.504066,127.1352811
1209,도시형,송파구,339.17,10,37.4931795,127.1285924
1210,도시형,송파구,564.83,15,37.5057131,127.1303629
1211,도시형,송파구,349.92,12,37.5103443,127.1171964
1212,도시형,송파구,419.63,13,37.4931824,127.1256442
1213,도시형,송파구,388.44,12,37.508878,127.1131057
1214,도시형,양천구,494.99,13,37.5282163,126.8372472
1215,도시형,양천구,404.74,13,37.5259606,126.8556866
1216,도시형,양천구,204.07,10,37.5467096,126.8645668
1217,도시형,양천구,256.16,8,37.5457937,126.8717432
1218,도시형,양천구,441.54,14,37.5224188,126.8554497
1219,도시형,양천구,449.68,16,37.5257497,126.8508336
1220,도시형,양천구,331.92,12,37.5257497,126.8508336
1221,도시형,양천구,560.75,23,37.5266057,126.8513537
1222,도시형,영등포구,283.79,17,37.4911794,126.9045153
1223,도시형,영등포구,559.63,20,37.5131618,126.9185244
1224,도시형,영등포구,412.12,14,37.5098069,126.9130392
1225,도시형,영등포구,480.96,19,37.5098069,126.9130392
1226,도시형,영등포구,380.63,12,37.5065972,126.9062648
1227,도시형,은평구,340.49,18,37.60075,126.9156606
1228,도시형,은평구,174.14,11,37.6043692,126.9183695
1229,도시형,은평구,278.19,12,37.5923374,126.916276
1230,도시형,은평구,485.7,15,37.6238452,126.9229663
1231,도시형,은평구,247.35,11,37.60827775,126.9084048
1232,도시형,은평구,503,16,37.6004484,126.9110774
1233,도시형,중랑구,500.5,29,37.5895182,127.1005141
1234,도시형,중랑구,469.57,14,37.5909039,127.1004988
1235,도시형,중랑구,307.76,8,37.5899777,127.0771629
1236,도시형,중랑구,378.12,12,37.5922105,127.0947142
1237,도시형,중랑구,442.44,13,37.6167081,127.0815654
1238,도시형,중랑구,406.16,16,37.597878,127.0845379
1239,도시형,중랑구,516.1,14,37.5909039,127.1004988
1240,도시형,중랑구,783.54,25,37.5984528,127.0818102
1241,도시형,중랑구,416.09,12,37.6118019,127.0751973
1242,도시형,중랑구,697.6,24,37.6072714,127.0797347
1243,도시형,중랑구,415.76,15,37.5848152,127.078261
1244,도시형,강동구,393.76,14,37.53407,127.1237455
1245,도시형,동대문구,450.85,14,37.5637453,127.0631517
1246,도시형,동대문구,545.01,17,37.5692259,127.0657237
1247,도시형,광진구,897.46,29,37.5298151,127.0801773
1248,도시형,성동구,386.64,12,37.5511474,127.0677587
1249,도시형,성북구,562.72,19,37.6160606,127.044307
1250,도시형,성북구,359.29,16,37.611564,127.0143668
1251,도시형,성북구,248.18,10,37.611564,127.0143668
1252,도시형,양천구,489.33,17,37.5343158,126.8665328
1253,도시형,강동구,353.56,10,37.5458614,127.1691745
1254,도시형,강동구,492.74,14,37.5269122,127.1242873
1255,도시형,광진구,550.84,20,37.5588352,127.077377
1256,도시형,금천구,483.36,16,37.4742471,126.8951422
1257,도시형,금천구,483.36,16,37.4742471,126.8951422
1258,도시형,금천구,483.36,16,37.4742471,126.8951422
1259,도시형,성북구,472.96,16,37.5980955,127.027528
1260,도시형,강동구,426.45,15,37.5445307,127.1233376
1261,도시형,강동구,549.92,20,37.5490696,127.12996
1262,도시형,강동구,569.56,18,37.5490696,127.12996
1263,도시형,양천구,547.62,15,37.5266057,126.8513537
1264,도시형,강남구,305.1,18,37.5791729,127.0398684
1265,도시형,강남구,444.57,17,37.4792932,127.0465043
1266,도시형,강동구,433.24,16,37.5473914,127.1383595
1267,도시형,노원구,550.92,20,37.6248275,127.0724857
